[
  {
    "id": 1,
    "name": "Bag",
    "price": 29,
    "image": "./img/bag.png",
    "alt": "bag product"
  },
  {
    "id": 2,
    "name": "Pen",
    "price": 3,
    "image": "./img/pen.png",
    "alt": "pen product"
  },
  {
    "id": 3,
    "name": "Note Book",
    "price": 12,
    "image": "./img/note-book.png",
    "alt": "note book product"
  },
  {
    "id": 4,
    "name": "Colored Pencils",
    "price": 11,
    "image": "./img/colored-pencils.png",
    "alt": "colored pencils product"
  },
  {
    "id": 5,
    "name": "Pencil",
    "price": 3,
    "image": "./img/Pencil.png",
    "alt": "pencil product"
  },
  {
    "id": 6,
    "name": "Ruler",
    "price": 8,
    "image": "./img/ruler.png",
    "alt": "ruler product"
  },
  {
    "id": 7,
    "name": "Mug",
    "price": 17,
    "image": "./img/mug.png",
    "alt": "mug product"
  },
  {
    "id": 8,
    "name": "Eraser",
    "price": 2,
    "image": "./img/eraser.png",
    "alt": "eraser product"
  },
  {
    "id": 9,
    "name": "Glue Stick",
    "price": 5,
    "image": "./img/glue-stick.png",
    "alt": "glue stick product"
  }
]
